<?xml version="1.0" encoding="UTF-8"?>
<beans xmlns="http://www.springframework.org/schema/beans"
       xmlns:xsi="http://www.w3.org/2001/XMLSchema-instance"
       xmlns:context="http://www.springframework.org/schema/context"
       xmlns:mvc="http://www.springframework.org/schema/mvc"
       xsi:schemaLocation="http://www.springframework.org/schema/beans http://www.springframework.org/schema/beans/spring-beans.xsd http://www.springframework.org/schema/context http://www.springframework.org/schema/context/spring-context-3.1.xsd http://www.springframework.org/schema/mvc http://www.springframework.org/schema/mvc/spring-mvc-3.1.xsd">

    <context:component-scan base-package="com.mycelium.nbt.controllers"/>

    <mvc:annotation-driven/>

    <context:annotation-config/>

    <bean class="org.springframework.web.servlet.view.ContentNegotiatingViewResolver">
        <property name="viewResolvers">
            <list>
                <bean class="org.springframework.web.servlet.view.UrlBasedViewResolver">
                    <property name="viewClass" value="org.springframework.web.servlet.view.JstlView"/>
                    <property name="prefix" value="/jsp/"/>
                    <property name="suffix" value=".jsp"/>
                </bean>
            </list>
        </property>
        <property name="defaultViews">
            <list>
                <bean class="org.springframework.web.servlet.view.json.MappingJacksonJsonView" />
            </list>
        </property>
    </bean>
	
	<!-- Configure the multipart resolver -->
    <bean id="multipartResolver" class="org.springframework.web.multipart.commons.CommonsMultipartResolver">
        <!-- one of the properties available; the maximum file size in bytes -->
        <property name="maxUploadSize" value="100000000"/>
    </bean>
	
</beans>